id;name;brand;price;category;url;image_url;material;description;sizes
0941666089;Mom Slim Fit High Waist Ankle Jeans;H&M;79,99;jeansy;https://www2.hm.com/pl_pl/productpage.0941666089.html;https://image.hm.com/assets/hm/4c/87/4c878eab0647cc26cf0a86a050864a0f1658edbf.jpg?imwidth=768;Bawełna/Elastan;Dżinsy z 5 kieszeniami wykonane z lekko elastycznego denimu zapewniającego wygodę. Wąski fason na biodrach i udach, proste nogawki zwężane u dołu. Wysoki stan, rozporek na suwak i guzik. Nogawki sięgające do kostki.;32, 34, 36, 38, 40, 42, 44, 46, 48, 50, 52, 54
1356336004;Top z modalu z długim rękawem;H&M;49,99;topy;https://www2.hm.com/pl_pl/productpage.1356336004.html;https://image.hm.com/assets/hm/c4/c8/c4c899bef0eb2cd2d3b119dc22c9e0136f5c1513.jpg?imwidth=768;Modal/Elastan;Podkreślający figurę top z lekko prześwitującego elastycznego dżerseju z modalu. Okrągły dekolt, długie rękawy i prosty brzeg u dołu.;XS, S, M, L, XL
1330301007;Joggersy z prostymi nogawkami;H&M;54,99;spodnie;https://www2.hm.com/pl_pl/productpage.1330301007.html;https://image.hm.com/assets/hm/f8/a6/f8a6ea9f40f3cc3d20fc9e17cd10299767791368.jpg?imwidth=768;Bawełna/Poliester;Joggersy z lekkiej dzianiny dresowej. Elastyczna talia ze sznurkiem, dyskretne kieszenie po bokach, proste nogawki.;XS, S, M, L, XL, XXL
1359062001;Dzianinowy top polo oversize;H&M;129,99;topy;https://www2.hm.com/pl_pl/productpage.1359062001.html;https://image.hm.com/assets/hm/2a/d5/2ad5b68f4a078a7cc3de0dd3220fce1145ad4439.jpg?imwidth=768;Poliester/Poliamid/Akryl/Wełna/Elastan;Obszerny top polo z zawierającej wełnę miękkiej dzianiny. Kołnierzyk, guziki u góry, obniżone ramiona i długie rękawy. Rękawy i dół ze ściągaczem.;XS, S, M, L, XL
1243667043;Bluza oversize;H&M;74,99;topy;https://www2.hm.com/pl_pl/productpage.1243667043.html;https://image.hm.com/assets/hm/23/97/23975bd0acbde9e68ce03cc7875a50df920884a8.jpg?imwidth=768;Bawełna/Poliester;Obszerna bluza z dzianiny dresowej z miękkim meszkiem wewnątrz. Okrągły dekolt ze ściągaczem, obniżone ramiona, długie rękawy. Rękawy i dół ze ściągaczem.;XS, S, M, L, XL, XXL
1345596001;Bawełniany top z długim rękawem;H&M;59,99;topy;https://www2.hm.com/pl_pl/productpage.1345596001.html;https://image.hm.com/assets/hm/dc/31/dc31439792124a08b94b7deb045251b5c444cbca.jpg?imwidth=768;Bawełna;Luźny top z miękkiego bawełnianego dżerseju. Okrągły dekolt, obniżone ramiona, długie rękawy i prosty brzeg u dołu.;XXS, XS, S, M, L, XL
1291799010;Kozaki do kolan;H&M;259,99;buty;https://www2.hm.com/pl_pl/productpage.1291799010.html;https://image.hm.com/assets/hm/5d/12/5d1236ca48fc10722b5eb99e2a386d5b3bd375d9.jpg?imwidth=768;Poliuretan/Poliester/Poliuretan termoplastyczny;Kozaki z szeroką cholewką do kolan. Ostre czubki, wąskie obcasy. Dżersejowe podeszwy wewnętrzne i wyściółka.;35, 36, 37, 38, 39, 40, 41, 42
1222670035;Wide High Waist Jeans;H&M;129,99;jeansy;https://www2.hm.com/pl_pl/productpage.1222670035.html;https://image.hm.com/assets/hm/65/a1/65a1ac75012c0f78e85d969272750ab7060db531.jpg?imwidth=768;Bawełna;Dżinsy z 5 kieszeniami wykonane ze sztywnego bawełnianego denimu, który mięknie i rozluźnia się w miarę noszenia. Normalny fason talii i bioder, szeroki krój nogawek. Wysoki stan, rozporek na suwak i guzik.;32, 34, 36, 38, 40, 42, 44, 46, 48, 50, 52, 54
1348421002;Krótkie spódnico-szorty;H&M;79,99;spódnica;https://www2.hm.com/pl_pl/productpage.1348421002.html;https://image.hm.com/assets/hm/0d/f9/0df9532612f77caf8c0d2739600ccc5a14e43c9a.jpg?imwidth=768;Poliester/Wiskoza/Elastan;Krótkie spódnico-szorty z tkaniny. Rozporek na suwak, kryte zapięcie na guziki i duże haftki. Ukośne kieszenie po bokach. Kanty z przodu i z tyłu.;34, 36, 38, 40, 42, 44, 46, 48, 50
02017305;SPODNIE Z ZASZEWKAMI I WEŁNĄ Z KOLEKCJI ZW;ZARA;259;spodnie;https://www.zara.com/pl/pl/spodnie-z-zaszewkami-z-we%C5%82na-kolekcja-zw-p02017305.html?v1=565703986;https://static.zara.net/assets/public/58d7/6eae/347f4a329873/29b7f635d9b5/02017305401-p/02017305401-p.jpg?w=750;88% welna, 8% poliamid, 4% elastan;Spodnie uszyte z przędzy z domieszką wełny. Średni stan i szlufki w pasie. Ukryte kieszenie boczne w szwach. Zaszewka z przodu. Szerokie nogawki. Zapięcie z przodu na suwak, guzik i metalowe haftki.;XS, S, M, L
01044631;KOSZULKA Z PRĄŻKOWANEJ DZIANINY Z DEKOLTEM W SEREK;ZARA;69,90;topy;https://www.zara.com/pl/pl/koszulka-z-prazkowanej-dzianiny-z-dekoltem-w-serek-p01044631.html?v1=568647440;https://static.zara.net/assets/public/62f8/059f/7c74405c80e3/6beeecce0a72/01044631700-p/01044631700-p.jpg?w=750;96% bawełna, 4% elastan;Koszulka z bawełnianej przędzy z domieszką innych włókien. Dekolt w serek i długi rozszerzany rękaw.;S, M, L, XL
02569280;SUKIENKA MINI JEANSOWA TRF Z PODUSZKAMI NA RAMIONACH;ZARA;159;sukienki;https://www.zara.com/pl/pl/jeansowa-sukienka-mini-trf-z-poduszkami-na-ramionach-p02569280.html?v1=564052294;https://static.zara.net/assets/public/7c9b/f85a/a55b4f53a1f7/9a009fa4e8c2/02569280401-p/02569280401-p.jpg?w=750;99% bawełna, 1% elastan;Dopasowana sukienka z kołnierzem z klapami i długim rękawem. Naszywane kieszenie z klapką i guzikiem na piersi. Zapięcie na guziki z przodu.;XS, S, M, L, XL, XXL
05039845;DŁUGA SUKIENKA W ZWIERZĘCY WZÓR Z ROZCIĘCIEM;ZARA;109;sukienki;https://www.zara.com/pl/pl/d%C5%82uga-sukienka-z-rozcieciem-w-zwierzecy-wzor-p05039845.html?v1=561615320;https://static.zara.net/assets/public/65b3/5bdd/7d73464d83bf/c6bf12dc11cc/05039845042-p/05039845042-p.jpg?w=750;95% poliester, 5% elastan;Długa sukienka z drapowanym dekoltem i asymetrycznymi rękawami. Ozdobne rozcięcie z boku. Podszewka w tym samym odcieniu.;S, M, L
13300710;SATYNOWE SANDAŁY NA OBCASIE TYPU KACZUSZKA;ZARA;109;buty;https://www.zara.com/pl/pl/satynowe-sanda%C5%82y-na-obcasie-typu-kaczuszka-p13300710.html?v1=557512006;https://static.zara.net/assets/public/b14c/78b0/7e68458b923c/13f4296a29ab/13300710800-p/13300710800-p.jpg?w=750;100% poliester;Buty typu sandały na obcasie. Satynowe wykończenie. Pasek na duży palec. Cienki obcas typu kaczuszka. Okrągły nosek. Wysokość obcasa: 5,5 cm.;35, 36, 37, 38, 39, 40, 41, 42
13304810;LAMINOWANE SANDAŁY NA OBCASIE;ZARA;129;buty;https://www.zara.com/pl/pl/klapki-na-obcasie-z-metalicznym-wykonczeniem-p13304810.html?v1=545404710;https://static.zara.net/assets/public/4135/4eaa/50d349e0a5b8/9c5969060e2a/13304810800-p/13304810800-p.jpg?w=750;100% poliuretan;Klapki na obcasie typu mules. Wysoki, cienki obcas z laminowanym wykończeniem. Okrągły nosek. Wysokość obcasa: 7,5 cm.;35, 36, 37, 41, 42
13513810;LAKIEROWANE MOKASYNY;ZARA;129;buty;https://www.zara.com/pl/pl/lakierowane-mokasyny-p13513810.html?v1=545454016;https://static.zara.net/assets/public/f514/cf9a/6d6e41e39e00/f2ca0e9086d2/13513810800-p/13513810800-p.jpg?w=750;100% poliuretan;Mokasyny z lakierowanym wykończeniem. Marszczenia z przodu. Charakterystyczny pasek na podbiciu i podwyższony język. Zaokrąglony nosek. Wysokość podeszwy: 3 cm.;36, 37, 38, 39, 40, 41
03067423;SPÓDNICOSPODNIE Z PASKIEM;ZARA;99,90;spódnica;https://www.zara.com/pl/pl/spodnicospodnie-z-paskiem-p03067423.html?v1=583454847;https://static.zara.net/assets/public/5908/56aa/1c974fd58e10/ec51aa1eae6e/04661444712-p/04661444712-p.jpg?w=750;75% poliester, 19% wiskoza, 6% elastan;Spódnicospodnie o średnim stanie. Ozdobny wąski pasek z metalową sprzączką. Podszewka. Kryte zapięcie na suwak z boku na linii szwu.;XS, S, L, XL
08338537;SPÓDNICA MIDI Z TKANINY SATYNOWEJ;ZARA;99,90;spódnica;https://www.zara.com/pl/pl/satynowa-spodnica-midi-p08338537.html?v1=547002055;https://static.zara.net/assets/public/8a27/c544/a8744d40a430/234f0daba350/8338537800-p/8338537800-p.jpg?w=750;97% poliester, 3% elastan;Spódnica średniej długości z wysokim stanem. Gumka w pasie.;XS, S, M, L, XL, XXL
